<?xml version="1.0" encoding="UTF-8"?> 
<!--XBRL Generado por D.S.I.C. - Desarrollo de Sistemas Innovadores & Consultoria. Fecha: 29-08-2022 19:15:38--> 
<!--http://www.dsic.cl --> 
<!--Software (C) 2009-2022 DSIC Reporting XBRL All rights reserved--> 
<link:linkbase xmlns:link="http://www.xbrl.org/2003/linkbase" xmlns:xlink="http://www.w3.org/1999/xlink">
	<link:arcroleRef xlink:href="http://www.xbrl.org/2005/xbrldt-2005.xsd#domain-member" xlink:type="simple" arcroleURI="http://xbrl.org/int/dim/arcrole/domain-member" />
	<link:roleRef roleURI="http://www.cmfchile.cl/cl/fr/ci/role/ias-1_2021-03-24_role-810000b" xlink:href="http://www.cmfchile.cl/cl/fr/ci/2022-01-03/cl-ci_ias-1/cl-ci_ias-1_2021-03-24_role-810000.xsd#ias-1_2021-03-24_role-810000b" xlink:type="simple" />
	<link:roleRef roleURI="http://www.cmfchile.cl/cl/fr/ci/role/ias-1_2021-03-24_role-810000c" xlink:href="http://www.cmfchile.cl/cl/fr/ci/2022-01-03/cl-ci_ias-1/cl-ci_ias-1_2021-03-24_role-810000.xsd#ias-1_2021-03-24_role-810000c" xlink:type="simple" />
	<link:roleRef roleURI="http://www.cmfchile.cl/cl/fr/ci/role/ias-1_2021-03-24_role-810000d" xlink:href="http://www.cmfchile.cl/cl/fr/ci/2022-01-03/cl-ci_ias-1/cl-ci_ias-1_2021-03-24_role-810000.xsd#ias-1_2021-03-24_role-810000d" xlink:type="simple" />
	<link:roleRef roleURI="http://www.cmfchile.cl/cl/fr/ci/role/ifrs-3_2021-03-24_role-817100" xlink:href="http://www.cmfchile.cl/cl/fr/ci/2022-01-03/cl-ci_ifrs-3/cl-ci_ifrs-3_2021-03-24_role-817100.xsd#ifrs-3_2021-03-24_role-817100" xlink:type="simple" />
	<link:roleRef roleURI="http://www.cmfchile.cl/cl/fr/ci/role/ias-24_2021-03-24_role-818000b" xlink:href="http://www.cmfchile.cl/cl/fr/ci/2022-01-03/cl-ci_ias-24/cl-ci_ias-24_2021-03-24_role-818000.xsd#ias-24_2021-03-24_role-818000b" xlink:type="simple" />
	<link:roleRef roleURI="http://www.cmfchile.cl/cl/fr/ci/role/ias-24_2021-03-24_role-818000c" xlink:href="http://www.cmfchile.cl/cl/fr/ci/2022-01-03/cl-ci_ias-24/cl-ci_ias-24_2021-03-24_role-818000.xsd#ias-24_2021-03-24_role-818000c" xlink:type="simple" />
	<link:roleRef roleURI="http://www.cmfchile.cl/cl/fr/ci/role/cl-cp_2022-01-03_role-822400a" xlink:href="http://www.cmfchile.cl/cl/fr/ci/2022-01-03/cl-ci_cl-cp/cl-ci_cl-cp_2022-01-03_role-822400.xsd#cl-cp_2022-01-03_role-822400a" xlink:type="simple" />
	<link:roleRef roleURI="http://www.cmfchile.cl/cl/fr/ci/role/cl-cp_2022-01-03_role-822400b" xlink:href="http://www.cmfchile.cl/cl/fr/ci/2022-01-03/cl-ci_cl-cp/cl-ci_cl-cp_2022-01-03_role-822400.xsd#cl-cp_2022-01-03_role-822400b" xlink:type="simple" />
	<link:roleRef roleURI="http://www.cmfchile.cl/cl/fr/ci/role/cl-cp_2022-01-03_role-822400c" xlink:href="http://www.cmfchile.cl/cl/fr/ci/2022-01-03/cl-ci_cl-cp/cl-ci_cl-cp_2022-01-03_role-822400.xsd#cl-cp_2022-01-03_role-822400c" xlink:type="simple" />
	<link:roleRef roleURI="http://www.cmfchile.cl/cl/fr/ci/role/cl-cp_2022-01-03_role-822400g" xlink:href="http://www.cmfchile.cl/cl/fr/ci/2022-01-03/cl-ci_cl-cp/cl-ci_cl-cp_2022-01-03_role-822400.xsd#cl-cp_2022-01-03_role-822400g" xlink:type="simple" />
	<link:roleRef roleURI="http://www.cmfchile.cl/cl/fr/ci/role/cl-cp_2022-01-03_role-822400h" xlink:href="http://www.cmfchile.cl/cl/fr/ci/2022-01-03/cl-ci_cl-cp/cl-ci_cl-cp_2022-01-03_role-822400.xsd#cl-cp_2022-01-03_role-822400h" xlink:type="simple" />
	<link:roleRef roleURI="http://www.cmfchile.cl/cl/fr/ci/role/cl-cp_2022-01-03_role-822400i" xlink:href="http://www.cmfchile.cl/cl/fr/ci/2022-01-03/cl-ci_cl-cp/cl-ci_cl-cp_2022-01-03_role-822400.xsd#cl-cp_2022-01-03_role-822400i" xlink:type="simple" />
	<link:roleRef roleURI="http://www.cmfchile.cl/cl/fr/ci/role/cl-cp_2022-01-03_role-822400j" xlink:href="http://www.cmfchile.cl/cl/fr/ci/2022-01-03/cl-ci_cl-cp/cl-ci_cl-cp_2022-01-03_role-822400.xsd#cl-cp_2022-01-03_role-822400j" xlink:type="simple" />
	<link:roleRef roleURI="http://www.cmfchile.cl/cl/fr/ci/role/ias-38_2021-03-24_role-823180b" xlink:href="http://www.cmfchile.cl/cl/fr/ci/2022-01-03/cl-ci_ias-38/cl-ci_ias-38_2021-03-24_role-823180.xsd#ias-38_2021-03-24_role-823180b" xlink:type="simple" />
	<link:roleRef roleURI="http://www.cmfchile.cl/cl/fr/ci/role/ias-38_2021-03-24_role-823180c" xlink:href="http://www.cmfchile.cl/cl/fr/ci/2022-01-03/cl-ci_ias-38/cl-ci_ias-38_2021-03-24_role-823180.xsd#ias-38_2021-03-24_role-823180c" xlink:type="simple" />
	<link:roleRef roleURI="http://www.cmfchile.cl/cl/fr/ci/role/ifrs-12_2021-03-24_role-825700" xlink:href="http://www.cmfchile.cl/cl/fr/ci/2022-01-03/cl-ci_ifrs-12/cl-ci_ifrs-12_2021-03-24_role-825700.xsd#ifrs-12_2021-03-24_role-825700" xlink:type="simple" />
	<link:roleRef roleURI="http://www.cmfchile.cl/cl/fr/ci/role/ifrs-12_2021-03-24_role-825700a" xlink:href="http://www.cmfchile.cl/cl/fr/ci/2022-01-03/cl-ci_ifrs-12/cl-ci_ifrs-12_2021-03-24_role-825700.xsd#ifrs-12_2021-03-24_role-825700a" xlink:type="simple" />
	<link:roleRef roleURI="http://www.cmfchile.cl/cl/fr/ci/role/ifrs-12_2021-03-24_role-825700b" xlink:href="http://www.cmfchile.cl/cl/fr/ci/2022-01-03/cl-ci_ifrs-12/cl-ci_ifrs-12_2021-03-24_role-825700.xsd#ifrs-12_2021-03-24_role-825700b" xlink:type="simple" />
	<link:roleRef roleURI="http://www.cmfchile.cl/cl/fr/ci/role/ifrs-12_2021-03-24_role-825700c" xlink:href="http://www.cmfchile.cl/cl/fr/ci/2022-01-03/cl-ci_ifrs-12/cl-ci_ifrs-12_2021-03-24_role-825700.xsd#ifrs-12_2021-03-24_role-825700c" xlink:type="simple" />
	<link:roleRef roleURI="http://www.cmfchile.cl/cl/fr/ci/role/ifrs-12_2021-03-24_role-825700d" xlink:href="http://www.cmfchile.cl/cl/fr/ci/2022-01-03/cl-ci_ifrs-12/cl-ci_ifrs-12_2021-03-24_role-825700.xsd#ifrs-12_2021-03-24_role-825700d" xlink:type="simple" />
	<link:roleRef roleURI="http://www.cmfchile.cl/cl/fr/ci/role/ifrs-12_2021-03-24_role-825700e" xlink:href="http://www.cmfchile.cl/cl/fr/ci/2022-01-03/cl-ci_ifrs-12/cl-ci_ifrs-12_2021-03-24_role-825700.xsd#ifrs-12_2021-03-24_role-825700e" xlink:type="simple" />
	<link:roleRef roleURI="http://www.cmfchile.cl/cl/fr/ci/role/ifrs-12_2021-03-24_role-825700f" xlink:href="http://www.cmfchile.cl/cl/fr/ci/2022-01-03/cl-ci_ifrs-12/cl-ci_ifrs-12_2021-03-24_role-825700.xsd#ifrs-12_2021-03-24_role-825700f" xlink:type="simple" />
	<link:roleRef roleURI="http://www.cmfchile.cl/cl/fr/ci/role/ifrs-12_2021-03-24_role-825700g" xlink:href="http://www.cmfchile.cl/cl/fr/ci/2022-01-03/cl-ci_ifrs-12/cl-ci_ifrs-12_2021-03-24_role-825700.xsd#ifrs-12_2021-03-24_role-825700g" xlink:type="simple" />
	<link:roleRef roleURI="http://www.cmfchile.cl/cl/fr/ci/role/ifrs-16_2021-03-24_role-832610a" xlink:href="http://www.cmfchile.cl/cl/fr/ci/2022-01-03/cl-ci_ifrs-16/cl-ci_ifrs-16_2021-03-24_role-832610.xsd#ifrs-16_2021-03-24_role-832610a" xlink:type="simple" />
	<link:roleRef roleURI="http://www.cmfchile.cl/cl/fr/ci/role/ias-12_2021-03-24_role-835110d" xlink:href="http://www.cmfchile.cl/cl/fr/ci/2022-01-03/cl-ci_ias-12/cl-ci_ias-12_2021-03-24_role-835110.xsd#ias-12_2021-03-24_role-835110d" xlink:type="simple" />
	<link:roleRef roleURI="http://www.cmfchile.cl/cl/fr/ci/role/ias-1_2021-03-24_role-861200" xlink:href="http://www.cmfchile.cl/cl/fr/ci/2022-01-03/cl-ci_ias-1/cl-ci_ias-1_2021-03-24_role-861200.xsd#ias-1_2021-03-24_role-861200" xlink:type="simple" />
	<link:roleRef roleURI="http://www.cmfchile.cl/cl/fr/ci/role/ias-1_2021-03-24_role-861200b" xlink:href="http://www.cmfchile.cl/cl/fr/ci/2022-01-03/cl-ci_ias-1/cl-ci_ias-1_2021-03-24_role-861200.xsd#ias-1_2021-03-24_role-861200b" xlink:type="simple" />
	<link:roleRef roleURI="http://www.cmfchile.cl/cl/fr/ci/role/ifrs-8_2021-03-24_role-871100a" xlink:href="http://www.cmfchile.cl/cl/fr/ci/2022-01-03/cl-ci_ifrs-8/cl-ci_ifrs-8_2021-03-24_role-871100.xsd#ifrs-8_2021-03-24_role-871100a" xlink:type="simple" />
	<link:roleRef roleURI="http://www.cmfchile.cl/cl/fr/ci/role/ifrs-8_2021-03-24_role-871100b" xlink:href="http://www.cmfchile.cl/cl/fr/ci/2022-01-03/cl-ci_ifrs-8/cl-ci_ifrs-8_2021-03-24_role-871100.xsd#ifrs-8_2021-03-24_role-871100b" xlink:type="simple" />
	<link:roleRef roleURI="http://www.cmfchile.cl/cl/fr/ci/role/ifrs-8_2021-03-24_role-871100c" xlink:href="http://www.cmfchile.cl/cl/fr/ci/2022-01-03/cl-ci_ifrs-8/cl-ci_ifrs-8_2021-03-24_role-871100.xsd#ifrs-8_2021-03-24_role-871100c" xlink:type="simple" />
	<link:roleRef roleURI="http://www.cmfchile.cl/cl/fr/ci/role/ifrs-8_2021-03-24_role-871100d" xlink:href="http://www.cmfchile.cl/cl/fr/ci/2022-01-03/cl-ci_ifrs-8/cl-ci_ifrs-8_2021-03-24_role-871100.xsd#ifrs-8_2021-03-24_role-871100d" xlink:type="simple" />
	<link:definitionLink xlink:role="http://www.cmfchile.cl/cl/fr/ci/role/ias-1_2021-03-24_role-810000b" xlink:type="extended" />
	<link:definitionLink xlink:role="http://www.cmfchile.cl/cl/fr/ci/role/ias-1_2021-03-24_role-810000c" xlink:type="extended" />
	<link:definitionLink xlink:role="http://www.cmfchile.cl/cl/fr/ci/role/ias-1_2021-03-24_role-810000d" xlink:type="extended" />
	<link:definitionLink xlink:role="http://www.cmfchile.cl/cl/fr/ci/role/ifrs-3_2021-03-24_role-817100" xlink:type="extended" />
	<link:definitionLink xlink:role="http://www.cmfchile.cl/cl/fr/ci/role/ias-24_2021-03-24_role-818000b" xlink:type="extended" />
	<link:definitionLink xlink:role="http://www.cmfchile.cl/cl/fr/ci/role/ias-24_2021-03-24_role-818000c" xlink:type="extended" />
	<link:definitionLink xlink:role="http://www.cmfchile.cl/cl/fr/ci/role/cl-cp_2022-01-03_role-822400a" xlink:type="extended" />
	<link:definitionLink xlink:role="http://www.cmfchile.cl/cl/fr/ci/role/cl-cp_2022-01-03_role-822400b" xlink:type="extended" />
	<link:definitionLink xlink:role="http://www.cmfchile.cl/cl/fr/ci/role/cl-cp_2022-01-03_role-822400c" xlink:type="extended" />
	<link:definitionLink xlink:role="http://www.cmfchile.cl/cl/fr/ci/role/cl-cp_2022-01-03_role-822400g" xlink:type="extended" />
	<link:definitionLink xlink:role="http://www.cmfchile.cl/cl/fr/ci/role/cl-cp_2022-01-03_role-822400h" xlink:type="extended" />
	<link:definitionLink xlink:role="http://www.cmfchile.cl/cl/fr/ci/role/cl-cp_2022-01-03_role-822400i" xlink:type="extended" />
	<link:definitionLink xlink:role="http://www.cmfchile.cl/cl/fr/ci/role/cl-cp_2022-01-03_role-822400j" xlink:type="extended" />
	<link:definitionLink xlink:role="http://www.cmfchile.cl/cl/fr/ci/role/ias-38_2021-03-24_role-823180b" xlink:type="extended" />
	<link:definitionLink xlink:role="http://www.cmfchile.cl/cl/fr/ci/role/ias-38_2021-03-24_role-823180c" xlink:type="extended" />
	<link:definitionLink xlink:role="http://www.cmfchile.cl/cl/fr/ci/role/ifrs-12_2021-03-24_role-825700" xlink:type="extended" />
	<link:definitionLink xlink:role="http://www.cmfchile.cl/cl/fr/ci/role/ifrs-12_2021-03-24_role-825700a" xlink:type="extended" />
	<link:definitionLink xlink:role="http://www.cmfchile.cl/cl/fr/ci/role/ifrs-12_2021-03-24_role-825700b" xlink:type="extended" />
	<link:definitionLink xlink:role="http://www.cmfchile.cl/cl/fr/ci/role/ifrs-12_2021-03-24_role-825700c" xlink:type="extended" />
	<link:definitionLink xlink:role="http://www.cmfchile.cl/cl/fr/ci/role/ifrs-12_2021-03-24_role-825700d" xlink:type="extended" />
	<link:definitionLink xlink:role="http://www.cmfchile.cl/cl/fr/ci/role/ifrs-12_2021-03-24_role-825700e" xlink:type="extended" />
	<link:definitionLink xlink:role="http://www.cmfchile.cl/cl/fr/ci/role/ifrs-12_2021-03-24_role-825700f" xlink:type="extended" />
	<link:definitionLink xlink:role="http://www.cmfchile.cl/cl/fr/ci/role/ifrs-12_2021-03-24_role-825700g" xlink:type="extended" />
	<link:definitionLink xlink:role="http://www.cmfchile.cl/cl/fr/ci/role/ifrs-16_2021-03-24_role-832610a" xlink:type="extended" />
	<link:definitionLink xlink:role="http://www.cmfchile.cl/cl/fr/ci/role/ias-12_2021-03-24_role-835110d" xlink:type="extended" />
	<link:definitionLink xlink:role="http://www.cmfchile.cl/cl/fr/ci/role/ias-1_2021-03-24_role-861200" xlink:type="extended" />
	<link:definitionLink xlink:role="http://www.cmfchile.cl/cl/fr/ci/role/ias-1_2021-03-24_role-861200b" xlink:type="extended" />
	<link:definitionLink xlink:role="http://www.cmfchile.cl/cl/fr/ci/role/ifrs-8_2021-03-24_role-871100a" xlink:type="extended" />
	<link:definitionLink xlink:role="http://www.cmfchile.cl/cl/fr/ci/role/ifrs-8_2021-03-24_role-871100b" xlink:type="extended" />
	<link:definitionLink xlink:role="http://www.cmfchile.cl/cl/fr/ci/role/ifrs-8_2021-03-24_role-871100c" xlink:type="extended" />
	<link:definitionLink xlink:role="http://www.cmfchile.cl/cl/fr/ci/role/ifrs-8_2021-03-24_role-871100d" xlink:type="extended" />
</link:linkbase>